{
  "cpu": {
    "label": "CPU Baseline",
    "mean_ms": 16609.449833613355,
    "p50_ms": 1593.842378500085,
    "p95_ms": 39640.6580888002
  },
  "gpu": {
    "label": "GPU (T4)",
    "mean_ms": 1363.64615570675,
    "p50_ms": 39.89807450034277,
    "p95_ms": 3844.567016380206
  },
  "compiled": {
    "label": "GPU + torch.compile()",
    "mean_ms": 1380.8115825066973,
    "p50_ms": 40.82742149967089,
    "p95_ms": 3921.7487115304903
  }
}